{"loss": [1.3654743432998657, 0.471805602312088, 0.28034207224845886, 0.19357514381408691, 0.14074461162090302, 0.11212822794914246, 0.08943935483694077, 0.0766681507229805, 0.06533478945493698, 0.05861533060669899], "accuracy": [0.5958318710327148, 0.8496621251106262, 0.9097517728805542, 0.9378618597984314, 0.9528273940086365, 0.9628280997276306, 0.9699267148971558, 0.9751191139221191, 0.9795718193054199, 0.9810085892677307], "val_loss": [0.5255607962608337, 0.29690757393836975, 0.252929151058197, 0.20633365213871002, 0.20422065258026123, 0.13936682045459747, 0.1346522569656372, 0.1296296864748001, 0.1290556639432907, 0.15657854080200195], "val_accuracy": [0.8355337977409363, 0.9005804657936096, 0.9179376363754272, 0.9310266375541687, 0.9387093186378479, 0.9545868635177612, 0.9582290053367615, 0.959822416305542, 0.9611313343048096, 0.956009566783905]}